<?xml version="1.0" encoding="UTF-8"?>
<project-private xmlns="http://www.netbeans.org/ns/project-private/1">
    <editor-bookmarks xmlns="http://www.netbeans.org/ns/editor-bookmarks/2" lastBookmarkId="0"/>
    <open-files xmlns="http://www.netbeans.org/ns/projectui-open-files/2">
        <group>
            <file>file:/C:/Users/Dilshan/Documents/NetBeans/PlayerManagementSystem/src/View/DScore.java</file>
            <file>file:/C:/Users/Dilshan/Documents/NetBeans/PlayerManagementSystem/src/View/Home.java</file>
            <file>file:/C:/Users/Dilshan/Documents/NetBeans/PlayerManagementSystem/src/Model/DBSearch.java</file>
            <file>file:/C:/Users/Dilshan/Documents/NetBeans/PlayerManagementSystem/src/Model/PlayerModel.java</file>
            <file>file:/C:/Users/Dilshan/Documents/NetBeans/PlayerManagementSystem/src/Model/AddScore.java</file>
            <file>file:/C:/Users/Dilshan/Documents/NetBeans/PlayerManagementSystem/src/View/Form.java</file>
            <file>file:/C:/Users/Dilshan/Documents/NetBeans/PlayerManagementSystem/src/View/Welcome.java</file>
            <file>file:/C:/Users/Dilshan/Documents/NetBeans/PlayerManagementSystem/src/playermanagementsystem/PlayerManagementSystem.java</file>
            <file>file:/C:/Users/Dilshan/Documents/NetBeans/PlayerManagementSystem/src/Controller/LoginController.java</file>
            <file>file:/C:/Users/Dilshan/Documents/NetBeans/PlayerManagementSystem/src/Model/AddRecord.java</file>
            <file>file:/C:/Users/Dilshan/Documents/NetBeans/PlayerManagementSystem/src/View/Show.java</file>
            <file>file:/C:/Users/Dilshan/Documents/NetBeans/PlayerManagementSystem/src/View/Display.java</file>
            <file>file:/C:/Users/Dilshan/Documents/NetBeans/PlayerManagementSystem/src/View/Login.java</file>
            <file>file:/C:/Users/Dilshan/Documents/NetBeans/PlayerManagementSystem/src/View/Delete.java</file>
            <file>file:/C:/Users/Dilshan/Documents/NetBeans/PlayerManagementSystem/src/Model/DBConnection.java</file>
            <file>file:/C:/Users/Dilshan/Documents/NetBeans/PlayerManagementSystem/src/Controller/DeletePlayerController.java</file>
            <file>file:/C:/Users/Dilshan/Documents/NetBeans/PlayerManagementSystem/src/Controller/HomeController.java</file>
            <file>file:/C:/Users/Dilshan/Documents/NetBeans/PlayerManagementSystem/src/Controller/scoreController.java</file>
            <file>file:/C:/Users/Dilshan/Documents/NetBeans/PlayerManagementSystem/src/Controller/playerController.java</file>
            <file>file:/C:/Users/Dilshan/Documents/NetBeans/PlayerManagementSystem/src/View/score.java</file>
        </group>
    </open-files>
</project-private>
